track_name,released_year,released_month,in_spotify_playlists,in_spotify_charts,bpm,danceability_%,energy,speechiness_%,acousticness_%,instrumentalness_%,liveness,valence,streams
Seven (feat. Latto) (Explicit Ver.),2023,7,553,147,125,80,83,4,31,0,8,89,141381703
LALA,2023,3,1474,48,92,71,74,4,7,0,10,61,133716286
vampire,2023,6,1397,113,138,51,53,6,17,0,31,32,140003974
Cruel Summer,2019,8,7858,100,170,55,72,15,11,0,11,58,800840817
WHERE SHE GOES,2023,5,3133,50,144,65,80,6,14,63,11,23,303236322
Sprinter,2023,6,2186,91,141,92,58,24,19,0,8,66,183706234
Ella Baila Sola,2023,3,3090,50,148,67,76,3,48,0,8,83,725980112
Columbia,2023,7,714,43,100,67,71,4,37,0,11,26,58149378
fukumean,2023,5,1096,83,130,85,62,9,12,0,28,22,95217315
La Bebe - Remix,2023,3,2953,44,170,81,48,33,21,0,8,56,553634067
un x100to,2023,4,2876,40,83,57,72,5,23,0,27,56,505671438
Super Shy,2023,7,422,55,150,78,82,7,18,0,15,52,58255150
Flowers,2023,1,12211,115,118,71,68,7,6,0,3,65,1316855716
Daylight,2023,4,3528,98,130,51,43,3,83,0,9,32,387570742
As It Was,2022,3,23575,130,174,52,73,6,34,0,31,66,2513188493
Kill Bill,2022,12,8109,77,89,64,73,4,5,17,16,43,1163093654
Cupid - Twin Ver.,2023,2,2942,77,120,78,59,3,43,0,34,76,496795686
What Was I Made For? [From The Motion Picture "Barbie"],2023,7,873,104,78,44,9,3,96,0,10,14,30546883
Classy 101,2023,3,2610,40,100,86,66,16,14,0,12,67,335222234
Like Crazy,2023,3,596,68,120,63,73,4,0,0,36,36,363369738
LADY GAGA,2023,6,332,26,140,65,74,4,22,0,42,87,86444842
I Can See You (Taylor?????????s Version) (From The ,2023,7,516,38,123,69,76,3,6,0,6,82,52135248
I Wanna Be Yours,2013,1,12859,110,135,48,42,3,12,2,11,44,1297026226
"Peso Pluma: Bzrp Music Sessions, Vol. 55",2023,5,1313,40,133,85,67,5,26,0,12,81,200647221
Popular (with Playboi Carti & Madonna) - The Idol Vol. 1 (Music from the HBO Original Series),2023,6,1945,87,99,85,68,20,7,0,36,83,115364561
SABOR FRESA,2023,6,250,26,130,79,86,9,9,0,9,96,78300654
Calm Down (with Selena Gomez),2022,3,7112,77,107,80,80,4,43,0,14,82,899183384
MOJABI GHOST,2023,6,859,40,122,81,71,4,14,0,56,74,61245289
Last Night,2023,1,2420,19,204,52,68,4,46,0,15,52,429829812
Dance The Night (From Barbie The Album),2023,5,2988,101,110,67,85,5,2,0,33,78,127408954
Rush,2023,7,864,78,126,74,84,6,0,0,11,35,22581161
TULUM,2023,6,266,34,168,56,87,5,39,0,11,63,52294266
Creepin',2022,12,6036,88,98,71,61,5,36,0,8,17,843957510
Anti-Hero,2022,10,9082,56,97,64,63,5,12,0,19,51,999748277
TQG,2023,2,4284,49,180,72,63,28,67,0,9,61,618990393
Los del Espacio,2023,6,1150,31,120,81,68,4,11,0,11,63,123122413
Fr??????gil (feat. Grupo Front,2023,4,672,34,150,61,73,3,37,0,11,39,188933502
Blank Space,2014,1,11434,53,96,75,68,6,9,0,13,57,1355959075
Style,2014,1,7830,42,95,60,79,4,0,0,12,48,786181836
TQM,2023,5,584,28,125,79,85,6,27,0,11,96,176553476
El Azul,2023,2,692,25,144,56,65,6,23,0,10,84,354495408
Sunflower - Spider-Man: Into the Spider-Verse,2018,10,24094,78,90,76,50,5,54,0,7,91,2808096550
I'm Good (Blue),2022,8,12482,80,128,56,97,4,4,0,35,38,1109433169
See You Again,2017,7,13387,64,79,56,56,10,37,0,11,58,1047101291
Barbie World (with Aqua) [From Barbie The Album],2023,6,1117,80,144,77,58,25,52,0,23,75,65156199
Angels Like You,2020,11,3372,19,122,67,64,3,10,0,10,49,570515054
I Ain't Worried,2022,5,8431,76,140,71,81,5,11,0,6,82,1085685420
Die For You,2016,11,2483,59,134,59,52,7,9,0,15,51,1647990401
Starboy,2016,9,29536,79,186,68,59,28,16,0,13,49,2565529693
Die For You - Remix,2023,2,3408,47,67,53,53,7,23,0,44,50,518745108
El Cielo,2023,6,1298,38,106,72,64,5,7,0,10,17,107753850
Baby Don't Hurt Me,2023,4,4277,66,128,60,91,3,0,0,12,23,177740666
AMARGURA,2023,2,1133,39,107,92,70,7,18,0,15,55,153372011
(It Goes Like) Nanana - Edit,2023,6,2259,59,130,67,88,4,12,19,8,96,57876440
Another Love,2012,10,18371,83,123,45,54,4,70,0,9,13,1813673666
Blinding Lights,2019,11,43899,69,171,50,80,7,0,0,9,38,3703895074
Moonlight,2023,2,2649,42,137,64,72,5,51,0,17,88,256483385
La Bachata,2022,5,6804,45,125,84,68,4,58,0,22,85,1214083358
S91,2023,7,525,41,128,86,72,19,59,0,9,42,16011326
cardigan,2020,7,7923,29,130,61,58,4,55,0,27,53,812019557
T?????,2023,5,731,15,130,86,96,5,50,1,9,59,111947664
Boy's a liar Pt. 2,2023,2,5184,41,133,70,81,5,25,0,25,86,156338624
Left and Right (Feat. Jung Kook of BTS),2022,6,3107,39,101,88,59,3,62,0,9,72,720434240
BESO,2023,3,4053,50,95,77,64,14,74,0,17,53,357925728
Hey Mor,2022,10,4637,38,98,90,59,29,0,0,10,40,674072710
Yellow,1999,1,31358,43,173,43,66,3,0,0,23,28,1755214421
Karma,2022,10,3818,23,90,64,62,7,7,0,48,10,404562836
People,2022,12,3506,56,198,59,42,7,55,0,10,71,373199958
Overdrive,2023,7,410,36,140,56,73,4,0,0,35,48,14780425
Enchanted (Taylor's Version),2023,7,148,24,82,51,53,3,1,0,15,22,39578178
BABY HELLO,2023,6,1004,35,130,77,89,5,17,0,43,84,54266102
Heat Waves,2020,6,22543,63,81,76,53,9,44,0,9,53,2557975762
golden hour,2022,7,4511,36,94,51,59,3,65,18,25,14,751134527
Sweater Weather,2012,5,16413,61,124,61,81,3,5,2,10,41,2282771485
"Quevedo: Bzrp Music Sessions, Vol. 52",2022,7,8506,45,128,62,78,4,1,3,23,55,1356565093
Viva La Vida,2008,1,33898,62,138,49,62,3,9,0,11,42,1592909789
Here With Me,2022,7,3246,23,132,58,48,3,50,0,12,27,635412045
Unholy (feat. Kim Petras),2022,9,8576,42,131,71,47,9,1,0,27,24,1230675890
Yandel 150,2022,12,3618,38,168,78,73,7,5,0,10,58,585695368
CORAZ??????N VA,2023,6,370,20,98,68,79,6,33,0,30,40,43857627
Riptide,1975,1,31123,55,102,48,73,4,43,0,15,50,2009094673
Until I Found You (with Em Beihold) - Em Beihold Version,2022,4,2790,30,101,34,57,3,78,0,20,32,600976848
Novidade na ?????,2023,6,267,9,130,63,34,9,76,0,35,36,39709092
Back To December (Taylor's Version),2023,7,139,17,142,50,64,3,1,0,12,20,39228929
STAY (with Justin Bieber),2021,7,17050,36,170,59,76,5,4,0,10,48,2665343922
El Merengue,2023,3,2114,44,124,78,68,4,3,1,11,70,223633238
Someone You Loved,2018,11,17836,53,110,50,41,3,75,0,11,45,2887241814
Me Porto Bonito,2022,5,8870,43,92,91,71,8,9,0,9,43,1440757818
Makeba,2015,6,6060,53,116,82,66,7,39,51,25,40,165484133
MONTAGEM - FR PUNK,2012,6,641,50,129,63,82,7,70,8,9,84,58054811
Fast Car,2023,3,1446,12,98,71,60,3,19,0,12,67,157058870
What It Is (Solo Version),2023,3,804,25,172,74,76,9,6,0,10,76,95131998
Coco Chanel,2023,3,1962,38,150,68,76,4,4,0,10,14,250305248
Don?????????t Bl,2017,11,4875,23,136,62,53,4,11,0,6,19,685032533
Still With You,2020,6,31,39,88,53,47,4,9,0,83,34,38411956
All My Life (feat. J. Cole),2023,5,2175,23,143,83,44,33,15,0,10,69,144565150
Say Yes To Heaven,2023,3,2000,46,100,49,35,3,71,9,11,17,127567540
Snooze,2022,12,2839,25,143,56,55,13,14,0,11,39,399686758
Summertime Sadness,2011,1,20333,52,112,56,66,3,7,0,12,24,983637508
Take Two,2023,6,674,47,93,62,59,3,3,0,38,57,118482347
Lover,2012,1,8448,23,206,43,55,10,50,0,15,50,882831184
Too Many Nights (feat. Don Toliver & with Future),2022,12,2110,58,88,68,71,5,15,0,11,17,286400165
Chemical,2023,4,2528,39,170,50,90,5,0,0,12,37,172825906
Mockingbird,2004,1,12985,61,84,62,67,28,21,0,13,24,1241559043
New Jeans,2023,7,77,35,134,81,72,5,51,0,12,53,29562220
Primera Cita,2022,4,266,27,158,54,40,6,61,0,10,50,77309611
Cold Heart - PNAU Remix,2017,11,21097,52,116,80,80,3,4,0,10,92,1605224506
Dandelions,2017,4,3423,21,117,61,69,3,2,0,9,45,1116995633
Bones,2021,3,4198,44,114,77,72,5,2,0,7,65,838079900
Set Fire to the Rain,2011,1,14739,43,108,61,68,3,0,0,13,47,1163620694
Money Trees,2012,1,26792,32,144,74,53,10,7,0,21,37,1093605526
Tak Segampang Itu,2022,12,213,6,130,51,44,3,76,0,11,18,179659294
LAGUNAS,2023,6,58,18,116,77,62,3,33,1,15,79,39058561
Mine (Taylor's Version),2023,7,99,15,121,65,78,4,0,0,17,49,36912123
Everybody Wants To Rule The World,1985,2,41751,25,112,64,81,6,36,0,11,54,1205951614
No Role Modelz,2014,12,21164,36,100,70,52,33,30,0,6,47,1791000570
Tattoo,2023,2,2988,59,150,55,78,8,24,0,12,30,201660859
Rara Vez,2023,2,893,38,120,84,71,17,18,0,34,96,248088961
VAGABUNDO,2023,5,1094,34,127,82,85,6,4,0,23,89,90839753
august,2020,7,7324,22,90,51,61,3,53,0,9,42,607123776
LUNA,2023,6,201,11,128,75,63,4,33,0,15,79,55842345
Miracle (with Ellie Goulding),2023,3,5120,48,143,64,87,4,4,4,8,31,211050784
Nonsense,2022,7,2346,27,139,74,68,4,3,0,26,68,342897938
Que Vuelvas,2022,12,763,26,162,49,64,4,19,0,11,78,2762
Por las Noches,2021,6,457,24,92,81,60,3,31,0,7,39,330346424
Feliz Cumplea??????os Fe,2022,8,3430,38,95,87,55,7,10,0,29,57,601863821
Can't Hold Us (feat. Ray Dalton),2011,8,6074,52,146,63,93,8,3,0,10,88,1953533826
Watermelon Sugar,2019,11,21915,34,95,55,82,5,12,0,34,56,2322580122
lovely - Bonus Track,2017,8,15032,30,115,35,30,3,93,0,10,12,2355719893
"Rauw Alejandro: Bzrp Music Sessions, Vol. 56",2023,6,871,32,128,78,65,5,10,0,26,59,66902503
Queencard,2023,5,451,33,130,82,83,5,3,0,27,69,96273746
OMG,2023,1,1783,27,127,80,77,4,36,0,11,74,430977451
Radio,2011,1,9389,46,150,42,86,9,21,0,9,20,284819874
"Shakira: Bzrp Music Sessions, Vol. 53",2023,1,5724,44,122,78,63,5,27,0,9,50,721975598
505,2007,4,13985,25,140,52,85,5,0,0,7,20,1217120710
"Calling (Spider-Man: Across the Spider-Verse) (Metro Boomin & Swae Lee, NAV, feat. A Boogie Wit da Hoodie)",2023,6,1051,16,140,63,54,8,46,0,12,22,109276132
Trance (with Travis Scott & Young Thug),2022,12,1682,46,119,75,53,34,18,0,18,48,276259178
Tere Vaaste (From "Zara Hatke Zara Bachke"),2023,5,182,8,110,76,72,4,32,0,9,96,54225632
Perfect,2017,1,16596,13,95,60,45,2,16,0,11,17,2559529074
Romantic Homicide,2022,7,2335,23,132,56,55,3,45,1,32,20,681583126
Believer,2017,1,18986,23,125,77,78,11,4,0,23,74,2594040133
Novo Balan???,2023,5,283,7,124,84,50,6,67,0,13,65,81102253
"Gol Bolinha, Gol Quadrado 2",2023,6,293,8,133,93,65,25,42,0,12,68,11956641
Without Me,2002,1,21081,43,112,92,66,9,0,0,36,67,1687664027
QUEMA,2023,7,437,31,97,79,89,5,5,0,6,92,11599388
Stargirl Interlude,2016,11,1275,32,90,59,48,11,38,5,10,52,611700552
Ojitos Lindos,2022,5,6135,38,80,65,69,4,8,0,53,27,1133865788
Somewhere Only We Know,2004,1,20015,16,172,45,59,3,6,0,8,33,1089402494
Those Eyes,2019,5,1507,14,120,60,35,3,73,0,31,24,411747614
El Gordo Trae El Mando,2023,1,539,21,140,74,80,5,18,0,5,96,255932395
Mi Bello Angel,2023,6,86,8,128,81,77,5,1,0,9,90,31873544
Bye,2023,5,324,14,122,78,81,5,57,0,10,70,95053634
Danza Kuduro,2010,1,17138,37,130,47,92,24,8,0,5,86,1279434863
Nosso Quadro,2023,2,894,9,160,69,71,20,33,0,31,61,233801632
Locked Out Of Heaven,2012,12,1622,9,144,73,70,5,6,0,28,87,1481349984
Un Finde | CROSSOVER #2,2023,4,561,14,192,50,52,6,11,0,28,85,142095275
Jimmy Cooks (feat. 21 Savage),2022,6,5871,27,163,54,67,17,0,0,9,40,618885532
Counting Stars,2013,1,29215,43,122,66,71,4,6,0,12,48,2011464183
Ghost,2021,3,5866,24,154,61,74,6,21,0,40,41,1167330737
Under The Influence,2019,10,3859,26,117,73,69,4,6,0,11,31,929964809
PRC,2023,1,961,26,138,78,83,5,10,0,12,89,436027885
Gasolina,2004,7,6457,18,96,86,80,6,33,0,8,74,657723613
One Dance,2016,4,43257,24,104,77,63,5,1,0,36,36,2713922350
Enchanted,2010,1,4564,16,164,45,62,3,8,0,16,24,621660989
Save Your Tears,2020,3,12688,13,118,68,82,3,2,0,50,61,1591223784
Sure Thing,2010,5,13801,19,81,68,60,10,3,0,19,51,950906471
Every Breath You Take - Remastered 2003,1983,1,22439,19,117,82,45,3,54,0,7,73,1593270737
The Night We Met,2015,2,18515,35,174,45,37,4,97,25,64,10,1410088830
We Found Love,2011,1,36843,21,128,73,77,4,3,0,11,60,1235005533
When I Was Your Man,2012,12,2420,11,145,60,27,4,94,0,14,43,1661187319
Let Me Down Slowly,2018,5,5897,19,150,65,55,3,73,0,14,51,1374581173
"Am I Dreaming (Metro Boomin & A$AP Rocky, Roisee)",2023,6,727,16,90,60,53,4,4,0,21,13,94186466
Do I Wanna Know?,2013,1,33783,26,85,55,53,3,17,0,22,42,1788326445
Demons,2012,1,26694,13,180,33,71,5,20,0,28,38,1840364617
????????????,2023,4,356,16,166,57,94,9,11,0,37,84,143573775
Reminder,2016,11,6518,17,160,71,50,22,16,0,16,40,684675814
Shake It Off,2014,1,21335,13,160,65,80,16,5,0,41,95,1113838873
Why'd You Only Call Me When You're High?,2013,1,23389,29,92,70,63,4,4,0,8,81,1267333350
SNAP,2022,3,3202,18,170,56,64,6,11,0,45,53,726307468
Shape of You,2017,1,32181,10,96,83,65,8,58,0,9,93,3562543890
Night Changes,2014,11,7124,18,120,67,52,4,86,0,12,40,1131090940
Fin de Semana,2023,1,592,14,98,70,54,8,6,0,9,37,307370144
Creep,1992,9,36724,7,92,53,34,4,1,0,12,12,1271293243
Car's Outside,2019,10,794,10,150,34,56,3,4,0,11,24,265882712
Apocalypse,2017,3,13091,17,94,37,47,3,2,46,11,17,841749534
Cheques,2023,5,67,8,90,74,63,5,26,0,27,36,47956378
Pink + White,2016,8,21574,30,160,54,55,11,67,0,42,54,806397070
Circles,2019,8,19664,16,120,70,75,4,24,0,9,59,2132335812
Just The Way You Are,2010,1,21106,13,109,63,85,5,1,0,9,46,1641426668
Take Me To Church,2013,9,23804,31,129,57,66,5,63,0,12,41,2135158446
Bebe Dame,2022,12,849,22,157,54,60,5,30,0,7,75,367316268
You Belong With Me (Taylor?????????s Ve,2021,4,2619,12,130,63,73,3,5,0,9,49,350381515
Titi Me Pregunt??,2022,5,9037,42,107,65,72,25,10,0,13,19,1264310836
Better Than Revenge (Taylor's Version),2023,7,86,11,146,50,89,8,0,0,19,67,30343206
Shut up My Moms Calling,2020,2,1788,14,139,48,41,10,32,0,10,37,405136812
Have You Ever Seen The Rain?,1968,7,15890,14,116,74,70,3,7,0,13,76,1145727611
Es un Secreto,2010,7,492,36,95,84,77,4,12,0,7,52,540654286
POLARIS - Remix,2023,6,773,33,170,62,80,7,15,0,37,55,57312735
Ditto,2022,12,1154,22,134,81,64,11,3,0,10,18,397582059
Take On Me,1984,10,44927,17,84,57,90,5,2,0,9,86,1479115056
"Annihilate (Spider-Man: Across the Spider-Verse) (Metro Boomin & Swae Lee, Lil Wayne, Offset)",2023,6,551,4,146,61,48,6,21,0,12,20,86773632
"Angel Pt 1 (feat. Jimin of BTS, JVKE & Muni Long)",2023,5,577,14,74,53,67,28,11,0,10,24,133753727
Acr??????s,2023,5,955,29,144,75,48,12,84,0,10,35,123124076
AMG,2022,11,995,19,136,77,73,10,15,0,27,79,463564958
Phir Aur Kya Chahiye (From "Zara Hatke Zara Bachke"),2023,5,178,6,100,56,55,4,53,0,12,53,64533040
S-Class,2023,6,290,19,105,89,78,33,9,0,7,67,65496046
Hits Different,2023,5,547,0,106,67,78,4,15,0,30,24,68616963
Chanel,2023,3,681,10,132,85,68,4,40,0,9,53,161460990
Self Love (Spider-Man: Across the Spider-Verse) (Metro Boomin & Coi Leray),2023,6,332,5,120,78,30,5,21,0,13,5,70106975
Area Codes,2023,3,1197,13,155,82,39,49,2,0,9,51,113509496
Abcdario,2023,5,262,5,129,70,43,3,78,0,11,42,89933133
Obsessed,2022,9,161,6,135,80,74,9,62,0,8,85,71007139
Pi??????man De??,2023,6,185,3,98,73,62,13,28,0,13,45,43522589
FLOWER,2023,3,839,18,124,84,39,4,3,0,11,64,232896922
"All The Way Live (Spider-Man: Across the Spider-Verse) (Metro Boomin & Future, Lil Uzi Vert)",2023,6,259,0,135,77,55,15,18,0,22,28,37126685
Eyes Closed,2023,3,2915,30,107,78,53,6,30,0,11,39,195576623
Escapism.,2022,10,5129,25,96,54,74,11,14,0,9,25,532336353
La Jumpa,2022,11,3794,34,123,71,70,19,30,0,32,58,538115192
Karma (feat. Ice Spice),2023,5,588,0,90,62,62,6,6,0,58,7,46142772
Superhero (Heroes & Villains) [with Future & Chris Brown],2022,12,2959,16,117,72,59,21,14,0,20,45,401036314
Las Morras,2023,4,291,8,133,78,84,4,31,0,7,90,127026613
CHORRITO PA LAS ANIMAS,2022,12,2321,36,96,74,83,6,11,0,35,61,345031710
Ch y la Pizza,2022,12,536,10,149,66,60,13,40,0,14,85,288101651
Snow On The Beach (feat. More Lana Del Rey),2023,5,359,2,110,66,40,3,81,0,11,32,60350538
Players,2022,11,4096,6,105,95,52,16,3,0,5,62,335074782
Bite Me,2023,5,349,69,105,80,78,14,28,0,11,69,76767396
Stand By Me (feat. Morgan Wallen),2023,5,381,5,134,76,58,3,6,0,16,61,46065667
Normal,2022,7,2461,36,170,71,56,12,4,0,27,59,459276435
Hummingbird (Metro Boomin & James Blake),2023,6,277,1,81,59,60,13,46,1,25,26,39666245
Seu Brilho Sumiu - Ao Vivo,2023,3,967,5,154,63,92,5,31,0,91,75,138517666
Bad Habit,2022,6,8186,12,169,69,51,4,63,0,38,69,822633917
CUFF IT,2022,7,7842,10,115,78,69,14,4,0,7,64,595900742
Lilith (feat. SUGA of BTS) (Diablo IV Anthem),2023,6,215,6,84,43,74,8,1,0,19,14,51985779
69,2023,5,1134,22,93,79,62,23,11,0,11,58,57945987
Ni??????a Bo,2023,4,1305,34,91,82,62,15,10,0,10,47,115010040
Search & Rescue,2023,4,2066,6,142,82,44,7,6,0,33,54,175097833
AMERICA HAS A PROBLEM (feat. Kendrick Lamar),2023,5,896,0,126,78,70,4,1,0,16,20,57089066
Lavender Haze,2022,10,3763,8,97,73,44,8,26,0,16,10,488386797
"Link Up (Metro Boomin & Don Toliver, Wizkid feat. BEAM & Toian) - Spider-Verse Remix (Spider-Man: Across the Spider-Verse )",2023,6,197,0,101,92,51,8,41,51,26,59,32761689
Efecto,2022,5,4004,33,98,80,48,5,14,0,6,23,1047480053
Erro Gostoso - Ao Vivo,2023,1,984,5,154,59,89,9,18,0,80,63,153454328
Cupido,2023,2,1240,24,120,91,58,22,52,0,31,63,217672943
Just Wanna Rock,2022,10,3995,13,150,49,55,3,7,0,6,4,457184829
Unstoppable,2016,1,7681,13,174,47,78,8,11,0,10,27,939844851
Until I Found You,2021,9,4427,4,202,34,51,4,69,0,18,25,726434358
Rich Flex,2022,11,4657,18,153,56,52,24,5,0,36,42,573633020
Easy On Me,2021,10,10195,20,142,60,37,3,58,0,13,13,1406111294
Cart??????o B,2023,5,269,4,108,84,47,64,26,0,20,55,71573339
Danger (Spider) (Offset & JID),2023,6,214,0,143,83,69,12,4,0,23,25,24975653
Oi Balde - Ao Vivo,2023,2,845,2,108,67,67,5,60,0,80,55,145458418
The Real Slim Shady,2000,1,20763,27,104,95,66,6,3,0,4,78,1424589568
MERCHO,2022,12,1267,20,93,84,79,11,43,0,18,96,231332117
The Color Violet,2021,12,2585,32,105,65,53,5,16,0,9,46,415932686
Glimpse of Us,2022,6,6330,6,170,44,32,5,89,0,14,27,988515741
Mejor Que Yo,2023,5,675,1,178,62,66,5,18,0,12,56,50847624
Curtains,2023,5,715,0,176,50,76,5,10,0,32,44,39893489
UNFORGIVEN (feat. Nile Rodgers),2023,5,327,13,104,80,88,5,11,0,11,38,92035115
Haegeum,2023,4,244,12,85,70,84,30,31,0,47,83,118810253
Conex??????es de M??????fia (feat. Rich ,2023,4,385,4,117,77,58,5,39,0,26,69,77233241
MIENTRAS ME CURO DEL CORA,2023,2,1020,35,80,52,48,39,86,0,15,57,206399629
Never Felt So Alone,2023,4,1730,3,98,44,41,5,50,0,38,36,117747907
X SI VOLVEMOS,2023,2,2127,33,178,79,78,25,34,0,11,58,266624541
ceilings,2022,4,3242,9,148,51,33,3,48,0,22,27,293186992
Cupid,2023,2,526,10,120,77,66,3,65,0,38,94,139681964
I AM,2023,4,366,15,122,68,88,5,1,0,8,38,123132751
Cupid ????????? Twin Ver. (FIFTY FIFTY) ????????? Spe,1997,1,472,2,144,74,73,4,42,0,9,75,103762518
Shorty Party,2023,3,432,12,96,93,47,36,33,0,10,47,162887075
Super,2023,4,271,12,137,77,88,9,16,0,17,35,91221625
Slut Me Out,2022,4,816,4,121,94,61,42,12,0,53,71,190490915
Double Fantasy (with Future),2023,4,1169,0,119,60,57,3,1,0,50,10,96180277
All Of The Girls You Loved Before,2019,8,1282,6,96,72,47,4,71,0,13,40,185240616
PROVENZA,2022,4,6587,34,111,87,52,5,66,1,11,53,885093467
Princess Diana (with Nicki Minaj),2023,4,1444,4,148,90,68,19,14,0,10,74,104992946
Di Que Si,2023,2,356,10,182,57,59,5,8,0,6,80,147290338
Shivers,2021,9,10147,30,141,79,86,9,28,0,4,82,1302184087
Igualito a Mi Ap??,2022,12,265,6,145,76,81,9,19,0,6,80,158950978
Shoong! (feat. LISA of BLACKPINK),2023,4,351,9,110,76,70,6,1,0,41,26,76910644
Komang,2022,8,158,4,134,70,41,3,41,0,10,35,137123880
DESPECH??,2022,7,7613,33,130,92,62,10,18,0,6,78,782369383
Made You Look,2022,10,3956,6,145,84,53,7,35,0,8,88,502574952
Watch This - ARIZONATEARS Pluggnb Remix,2023,2,1638,10,130,69,90,4,1,10,15,36,207033255
No Se Va,2022,4,924,18,173,59,53,3,12,0,23,69,404887295
Punto G,2022,11,1985,35,92,75,76,15,25,0,10,55,381161027
Lovers Rock,2014,6,6339,13,105,56,87,4,0,1,10,57,466231982
METAMORPHOSIS,2021,11,1561,24,175,59,64,10,43,90,12,15,357580552
Mami Chula,2023,4,875,4,120,80,70,4,22,0,9,33,61105704
En Paris,2022,12,406,5,139,70,48,5,37,0,12,77,198275403
Set Me Free Pt.2,2023,3,340,13,132,59,82,6,12,0,12,56,168448603
I Was Never There,2018,3,4188,15,114,32,74,3,14,0,17,17,705469769
Don't ever say love me (feat. RM of BTS),2023,5,105,0,145,54,48,5,36,0,37,19,34502215
Shut Down,2022,9,1524,17,110,82,69,4,0,0,18,67,482175240
Gato de Noche,2022,12,2651,30,94,89,66,16,17,0,36,61,304118600
Call Out My Name,2018,3,11087,6,134,45,60,4,21,0,33,17,1449799467
Like Crazy (English Version),2023,3,373,19,120,62,76,4,0,0,39,32,173627354
Rosa Pastel,2023,2,200,4,123,70,68,4,24,0,11,86,90025258
Sunroof,2021,12,3741,17,131,77,71,4,35,0,15,84,652704649
Lose Yourself - Soundtrack Version,2002,1,32502,21,171,70,73,26,1,0,36,6,1829992958
Superman,2002,5,7615,14,130,80,76,6,2,0,20,64,655466831
Mas Rica Que Ayer,2023,3,1208,34,94,82,67,8,34,0,9,53,146409671
People Pt.2 (feat. IU),2023,4,209,4,89,73,57,6,39,0,32,44,95816024
REMIX EXCLUSIVO,2023,3,1235,9,87,65,56,20,4,0,15,71,117206995
"Arc??????ngel: Bzrp Music Sessions, Vol",2023,3,654,3,124,72,78,30,55,0,15,79,100409613
DOGTOOTH,2023,3,1479,0,78,71,65,32,51,0,22,80,80758350
10:35,2022,11,4942,26,120,70,79,10,7,0,18,70,325592432
SORRY NOT SORRY,2023,3,709,0,96,48,80,20,40,0,37,50,58473276
HAPPY,2023,3,660,0,106,73,86,4,31,0,12,22,52722996
La Bebe,2021,12,489,17,170,78,46,35,62,0,12,75,191945597
I Know - PR1SVX Edit,2023,3,407,0,134,67,76,7,8,47,30,11,77377503
Late Night Talking,2022,5,7461,8,115,71,73,5,30,0,11,90,743693613
Le???,2022,12,993,4,130,74,87,3,45,0,30,79,267789608
Save Your Tears (with Ariana Grande) (Remix),2020,3,9161,5,118,65,79,3,3,0,10,63,1221813483
Something in the Orange,2022,4,3282,12,110,59,38,3,42,0,12,22,449701773
VOID,2023,3,596,0,100,72,66,4,18,4,19,42,67070410
Dijeron Que No La Iba Lograr,2023,3,320,6,142,70,79,7,26,0,11,76,116334601
Midnight Rain,2022,10,2612,4,140,64,37,7,72,0,12,18,433356509
If We Ever Broke Up,2023,2,2040,4,116,90,73,4,62,0,9,96,165584767
You Proof,2022,5,2128,9,120,73,85,3,25,0,61,64,367814306
LA INOCENTE,2022,4,2598,37,92,76,79,6,31,0,7,46,477033549
Malas Decisiones,2022,10,542,2,110,81,79,3,5,0,31,64,156214700
Murder In My Mind,2022,1,2459,20,120,71,97,11,1,0,13,57,448843705
Gangsta's Paradise,1995,7,10624,17,80,63,61,6,9,0,56,40,1357608774
CAIRO,2022,11,2418,26,115,95,69,31,47,0,9,43,294352144
I Love You So,2014,11,7536,7,76,58,67,4,65,0,13,46,972164968
Dark Red,2017,2,10431,7,172,60,78,6,45,0,12,77,920045682
Say You Won't Let Go,2016,9,15722,16,99,40,56,5,69,0,9,45,2420461338
The Hills,2015,5,25744,4,136,36,57,8,9,0,14,12,1947371785
Heart To Heart,2019,5,1640,0,150,90,14,10,67,35,11,64,244658767
Peaches (from The Super Mario Bros. Movie),2023,4,34,0,92,71,31,5,79,0,10,41,68216992
Marisola - Remix,2022,12,1845,16,95,77,87,5,17,0,7,72,223582566
LOKERA,2022,7,3301,30,102,83,83,5,21,0,10,58,471819764
Low,2022,12,1911,0,145,70,55,6,43,0,16,34,272377463
Numb,2003,3,20111,5,110,50,86,4,0,0,64,24,1361425037
Tormenta (feat. Bad Bunny),2023,2,1529,0,95,64,77,6,46,0,38,30,149778242
on the street (with J. Cole),2023,3,615,2,94,68,82,13,53,0,9,81,116599790
One Thing At A Time,2022,12,811,4,142,61,91,3,0,0,26,92,148469433
Miss You,2022,8,5730,10,145,59,74,5,1,0,15,20,497225336
Ain?????????t Tha,2023,3,356,4,121,64,80,3,0,0,36,67,88791109
Thinkin????????? B,2023,3,604,6,140,66,76,3,49,0,12,43,125917280
Private Landing (feat. Justin Bieber & Future),2023,2,1190,0,137,84,67,6,8,0,11,44,105062254
Everything I Love,2023,1,579,0,104,56,85,3,0,0,15,72,95623148
Heaven,2023,2,1553,2,92,57,76,3,7,0,33,68,144584800
LET GO,2022,12,2301,20,146,74,45,38,86,0,21,51,298063749
Sial,2023,1,134,4,120,56,43,4,89,0,12,20,166570053
I Wrote The Book,2023,1,430,0,144,68,81,4,9,0,8,83,83021468
Apna Bana Le (From "Bhediya"),2022,11,86,0,94,59,56,3,80,0,6,44,139836056
SPIT IN MY FACE!,2022,10,629,14,94,73,79,6,5,2,11,65,303216294
PLAYA DEL INGL???,2022,12,1701,15,113,79,74,5,8,0,11,66,221409663
Man Made A Bar (feat. Eric Church),2023,3,329,0,148,50,76,3,12,0,12,49,58890931
Red Ruby Da Sleeze,2023,3,1168,0,98,70,73,26,12,0,11,29,81419389
Kahani Suno 2.0,2022,5,162,6,140,58,38,4,91,0,10,26,156777415
Nobody Gets Me,2022,12,2536,6,100,36,28,3,81,0,18,28,284908316
PERO T??,2023,2,387,11,140,86,79,29,39,0,11,68,93438910
Hype Boy,2022,8,892,17,100,59,94,23,27,0,29,78,363472647
Bloody Mary,2011,1,3909,0,100,59,65,3,2,0,13,49,372476382
Monoton???,2022,10,3645,15,132,87,70,5,42,0,21,82,380726517
???98 Braves,2023,3,282,0,142,49,67,3,10,0,26,48,56533272
WANDA,2023,1,888,22,176,72,63,7,25,0,21,96,175399345
Thought You Should Know,2022,5,968,4,140,53,70,3,49,0,14,51,203221468
In The End,2000,10,25065,6,105,55,90,6,1,0,32,40,1624165576
Zona De Perigo,2022,12,531,4,135,81,77,3,75,0,35,97,134294498
Lovezinho,2022,7,242,0,128,82,59,4,30,0,12,61,70069745
I Like You (A Happier Song) (with Doja Cat),2022,6,5281,14,101,74,69,7,12,0,12,43,609293408
Neverita,2022,5,2590,30,122,88,50,5,7,0,14,43,671365962
Vista Al Mar,2022,9,1769,34,105,76,56,13,80,12,10,49,362361576
Sem Alian??????a no ,2022,12,454,4,83,53,36,33,73,0,11,40,93587665
Enemy (with JID) - from the series Arcane League of Legends,2021,9,6180,7,77,72,76,28,24,0,42,59,1223481149
Revenge,2017,8,3600,11,140,75,25,26,78,0,11,18,1022258230
Bombonzinho - Ao Vivo,2022,11,1254,6,158,65,95,5,31,0,92,72,263453310
LA CANCI???,2019,6,6398,31,176,75,65,32,15,0,11,43,1435127549
Qu?????? Ago,2022,10,660,15,98,73,57,2,56,0,5,88,236857112
Love Again,2023,1,1283,0,107,66,40,3,72,0,11,47,147538971
After Hours,2020,2,8084,6,109,66,57,3,10,1,12,16,698086140
About Damn Time,2022,7,2332,2,109,84,74,7,10,0,34,72,723894473
Born With A Beer In My Hand,2023,3,203,0,148,53,81,4,5,0,36,61,34450974
?????????????????????,2020,5,685,14,158,60,76,5,17,0,19,52,403097450
Besos Moja2,2022,9,2460,13,94,74,73,6,6,0,10,64,309483971
Maan Meri Jaan,2022,10,288,6,96,70,51,4,35,0,10,40,319566866
Moscow Mule,2022,5,4572,33,100,80,67,3,29,0,12,29,909001996
My Universe,2021,9,6127,13,105,58,68,4,1,0,14,42,1061966512
Devil Don?????????,2023,3,166,0,125,53,66,3,38,0,9,32,32526947
LLYLM,2023,1,1838,0,170,56,63,27,13,0,19,56,124988687
I'm Not Here To Make Friends,2023,1,1890,0,115,70,90,6,17,0,41,84,103787664
TRUSTFALL,2023,1,2098,16,122,64,89,9,0,0,15,25,134255790
ANTIFRAGILE,2022,10,761,12,105,88,80,8,8,0,11,82,301051721
Boy's a liar,2022,11,1225,0,133,66,84,4,25,0,21,74,156338624
VIBE (feat. Jimin of BTS),2023,1,415,2,100,79,68,4,7,0,26,60,152850295
Shirt,2022,10,3469,0,120,82,45,10,15,3,9,55,309653982
Lift Me Up - From Black Panther: Wakanda Forever - Music From and Inspired By,2022,10,3311,0,177,25,30,3,90,0,13,17,297328960
STAR WALKIN' (League of Legends Worlds Anthem),2022,9,2616,0,142,64,72,5,15,0,9,31,332506354
"Sex, Drugs, Etc.",2016,11,3006,16,144,57,84,4,1,1,52,47,480507035
Boy With Luv (feat. Halsey),2019,4,4260,0,120,65,86,10,9,0,19,80,1065580332
"Hey, Mickey!",2016,9,482,0,135,92,51,6,55,0,15,73,122763672
Calm Down,2022,2,4013,10,107,81,78,4,38,0,12,82,445763624
Jhoome Jo Pathaan,2022,12,138,4,105,82,74,7,10,0,33,62,1365184
Escapism. - Sped Up,2022,11,1368,0,108,44,77,20,9,0,9,38,184308753
Space Song,2015,1,17852,4,147,51,79,3,22,13,14,62,789753877
Dreamers [Music from the FIFA World Cup Qatar 2022 Official Soundtrack],2022,11,889,20,115,71,88,4,16,0,44,34,323358833
Te Felicito,2022,4,4796,9,174,70,64,32,23,0,8,57,606361689
Mu??????,2023,1,658,6,90,68,71,8,3,0,31,83,120972253
TV,2022,7,3009,2,141,41,25,4,84,1,14,9,338564981
I'm Not The Only One,2014,1,17492,3,82,68,49,4,56,0,8,50,1606986953
Heather,2020,3,6170,7,92,47,43,3,62,0,32,25,1301799902
Besharam Rang (From "Pathaan"),2022,12,130,4,116,77,80,4,6,0,15,65,140187018
One Kiss (with Dua Lipa),2017,6,27705,10,124,79,86,11,4,0,8,59,1897517891
Sugar Rush Ride,2023,1,359,0,125,71,89,9,1,0,17,83,107642809
Pink Venom,2022,8,1963,16,90,80,69,10,2,0,27,71,551305895
WAIT FOR U (feat. Drake & Tems),2022,4,5491,14,83,46,64,34,31,0,7,34,556585270
Don't Start Now,2019,10,27119,0,124,79,79,8,1,0,10,68,2303033973
After Dark,2014,8,1776,14,140,58,60,3,7,41,8,4,646886885
Eu Gosto Assim - Ao Vivo,2022,9,1473,4,154,64,91,4,15,0,72,61,222612678
INDUSTRY BABY (feat. Jack Harlow),2021,7,13315,0,150,74,70,6,2,0,5,89,1814349763
MIDDLE OF THE NIGHT,2020,1,4057,8,186,41,61,5,2,0,12,9,872137015
Atlantis,2015,4,3045,6,166,40,48,3,5,0,12,23,571386359
PUNTO 40,2022,9,3006,12,107,87,83,9,0,4,31,20,304079786
Evoque Prata,2022,9,852,0,87,87,52,24,31,0,28,52,174006928
How Do I Say Goodbye,2022,8,2163,15,82,40,64,7,21,0,7,39,284785823
Blind,2022,12,1484,0,114,46,28,4,91,0,21,60,163284000
Die For You,2022,11,1703,0,148,47,52,5,38,13,29,15,246390068
Doja,2022,7,4169,44,140,91,57,29,38,0,40,97,482257456
Gatita,2022,10,1054,0,101,90,81,6,15,24,33,76,168684524
Rumble,2022,1,2849,0,140,81,84,6,5,23,6,6,78489819
Niagara Falls (Foot or 2) [with Travis Scott & 21 Savage],2022,12,1602,0,88,49,66,29,19,0,18,24,195516622
Yonaguni,2021,6,9644,28,180,64,65,12,28,0,14,44,1260594497
Super Freaky Girl,2022,8,4827,0,133,95,89,24,6,0,31,91,428685680
Running Up That Hill (A Deal With God),1985,9,21811,0,108,63,55,6,72,0,6,20,1024858327
Dream On,1973,1,168,0,80,39,43,3,39,0,23,24,838586769
Limbo,2022,8,688,0,75,80,62,46,3,6,11,46,199386237
Where Are You Now,2021,7,10565,44,121,67,64,10,52,0,17,26,972509632
WORTH NOTHING,2022,9,1612,0,140,58,62,8,18,0,20,17,213438580
Bad Habits,2020,9,12755,8,126,81,90,3,5,0,36,59,1555511105
KICK BACK,2022,10,574,4,102,58,94,11,0,0,9,29,210038833
Evergreen (You Didn?????????t Deserve Me A,2022,4,2499,0,82,70,34,4,60,1,11,31,227918678
Good Days,2020,12,10426,2,121,46,78,6,23,0,72,53,826623384
Levitating (feat. DaBaby),2020,3,15894,8,103,70,83,6,1,0,7,92,1802514301
Woman,2021,6,9424,0,108,82,76,9,9,0,12,88,1329090101
Shut up My Moms Calling - (Sped Up),2022,9,713,7,85,65,47,10,31,0,12,36,181831132
Ferrari,2022,3,7758,28,125,84,69,5,1,0,5,70,462791599
"You're On Your Own, Kid",2022,10,2537,2,120,69,39,6,41,0,13,40,348647203
Kesariya (From "Brahmastra"),2022,7,292,6,94,58,57,3,57,0,10,44,366599607
Agudo M??????gi,1930,1,323,0,130,65,80,5,22,4,7,49,90598517
Payphone,2012,1,14143,4,110,74,74,4,2,0,29,51,1479264469
All I Want for Christmas Is You,1994,10,25653,0,150,34,63,4,16,0,7,33,1449779435
Last Christmas,1984,1,22153,0,107,74,65,3,28,0,46,88,1159176109
Rockin' Around The Christmas Tree,1958,1,14994,0,140,70,41,5,71,0,45,85,769213520
Jingle Bell Rock,1957,1,10326,0,119,74,37,3,84,0,6,78,741301563
It's Beginning To Look A Lot Like Christmas,2011,10,12353,0,93,35,23,3,91,0,29,38,807561936
Santa Tell Me,2013,12,9408,0,133,46,63,18,5,0,30,53,834129063
It's the Most Wonderful Time of the Year,1963,10,8879,0,202,24,60,4,77,0,12,76,663832097
Let It Snow! Let It Snow! Let It Snow!,1959,11,6512,0,134,45,24,4,91,0,18,72,446390129
Snowman,2017,1,5140,0,105,72,51,3,48,0,9,33,690104769
Underneath the Tree,2013,10,6596,0,160,51,81,5,0,0,21,69,485285717
Feliz Navidad,1970,11,3788,0,148,50,82,4,47,0,34,96,520034544
Holly Jolly Christmas,2011,10,7655,0,151,65,47,4,87,0,9,70,476244795
Mistletoe,2011,1,9577,0,162,67,54,4,51,0,9,88,629173063
Sleigh Ride,1963,11,10114,0,92,53,77,3,40,0,32,84,404664135
Seek & Destroy,2022,12,1007,0,152,65,65,7,44,18,21,35,98709329
Love Language,2022,12,1127,0,65,71,26,8,85,0,13,55,110849052
Happy Xmas (War Is Over),1971,12,10829,0,147,33,61,3,32,0,77,39,460492795
Used (feat. Don Toliver),2022,12,1042,0,150,73,69,9,53,0,32,71,94005786
A Holly Jolly Christmas - Single Version,1952,1,7930,0,140,67,36,3,64,0,15,81,395591396
The Christmas Song (Merry Christmas To You) - Remastered 1999,1946,11,11500,0,139,36,15,4,84,0,11,22,389771964
Wonderful Christmastime - Edited Version / Remastered 2011,1979,11,1685,0,95,75,58,3,36,0,9,74,403939487
Do They Know It's Christmas? - 1984 Version,1984,11,14169,0,115,60,57,3,0,2,27,23,481697415
Ghost in the Machine (feat. Phoebe Bridgers),2022,12,1634,0,125,62,43,5,84,3,11,59,110073250
Special,2022,12,906,0,76,60,20,5,78,0,11,19,88092256
Merry Christmas Everyone,1984,1,1087,0,101,72,87,3,14,0,13,91,351636786
Let It Snow! Let It Snow! Let It Snow!,1950,1,10585,0,143,60,32,6,88,0,34,86,473248298
SOS,2022,12,827,0,119,51,66,23,67,0,9,51,73981293
Open Arms (feat. Travis Scott),2022,12,1420,4,78,67,59,16,76,1,15,22,155653938
White Christmas,1942,1,11940,0,96,23,25,3,91,0,40,19,395591396
Driving Home for Christmas - 2019 Remaster,1986,1,888,0,180,51,58,4,36,0,18,87,429504768
Christmas (Baby Please Come Home),1963,11,9122,0,126,34,76,5,39,0,8,35,242767149
Gone Girl,2022,12,892,0,150,43,44,6,57,0,15,42,65362788
F2F,2022,12,989,0,90,53,74,4,9,0,34,47,67540165
Notice Me,2022,12,819,0,160,72,68,12,28,0,11,78,62019074
Merry Christmas,2017,11,2209,0,114,59,94,4,24,0,10,60,135723538
It's Beginning to Look a Lot Like Christmas (with Mitchell Ayres & His Orchestra),1958,1,6290,0,113,73,32,5,77,0,15,72,295998468
My Only Wish (This Year),2000,11,6952,0,147,67,72,3,17,0,19,69,261116938
Antidepresan,2022,11,313,2,100,70,59,3,3,0,10,92,136689549
Wild Flower (with youjeen),2022,12,353,2,155,49,77,9,3,0,12,42,135611421
I Hate U,2021,12,4094,0,107,54,39,16,51,0,11,41,356709897
Raindrops (Insane) [with Travis Scott],2022,12,880,0,112,80,54,5,9,0,38,15,110649992
SPIT IN MY FACE!,2022,10,573,0,166,70,57,7,9,20,11,57,301869854
Deck The Hall - Remastered 1999,1959,1,3299,0,107,69,36,4,81,0,8,96,127027715
Smoking on my Ex Pack,2022,12,811,0,81,47,68,38,24,0,22,33,57144458
Conceited,2022,12,899,0,150,79,46,7,5,0,11,77,56870689
Snow On The Beach (feat. Lana Del Rey),2022,10,2415,0,110,66,32,4,69,0,12,19,323437194
Maroon,2022,10,2304,0,108,64,40,6,6,0,10,4,317726339
Tubar??????o Te,2022,9,1003,0,130,89,74,36,30,0,7,48,116144341
Bejeweled,2022,10,2699,0,164,70,56,7,6,0,9,39,328207708
Tarot,2022,5,2482,20,114,80,68,4,2,0,66,42,608228647
You Make It Feel Like Christmas (feat. Blake Shelton),2005,9,2577,0,93,63,88,4,1,0,12,93,180577478
Desesperados,2021,6,6821,34,90,87,69,8,36,0,9,51,809306935
Too Late,2022,12,714,0,128,45,68,8,78,0,39,35,49262961
Party,2022,5,3185,4,97,83,80,9,2,0,24,47,614555082
Run Rudolph Run - Single Version,1958,1,8612,0,152,69,71,8,79,0,7,94,245350949
Jingle Bells - Remastered 1999,1957,1,4326,0,175,51,34,5,73,0,10,94,178660459
Far,2022,12,680,0,116,61,55,8,67,0,16,48,51641685
On Time (with John Legend),2022,12,398,0,80,33,59,6,76,0,44,51,78139948
GAT??????,2022,8,3328,13,93,63,86,39,26,0,21,34,322336177
???abcdefu,2021,8,7215,0,122,70,54,5,30,0,37,42,1007612429
Sacrifice,2022,1,4440,0,122,70,79,10,3,0,7,91,326792833
Is There Someone Else?,2022,1,2881,6,135,70,58,3,4,0,16,60,391251368
Fingers Crossed,2022,1,2235,0,109,60,47,5,62,0,31,45,349585590
Out of Time,2022,1,3711,0,93,65,74,5,27,0,32,82,339659802
Do It To It,2021,8,12403,0,125,85,81,9,2,5,7,64,674772936
We Don't Talk About Bruno,2021,11,2785,0,206,58,45,8,36,0,11,83,432719968
Pepas,2021,6,14114,17,130,76,77,3,1,0,13,44,1309887447
How Do I Make You Love Me?,2022,1,1915,0,121,80,51,8,2,0,9,62,119238316
Gasoline,2022,1,2297,0,123,74,73,5,0,0,21,35,116903579
Infinity,2017,6,4375,0,122,67,67,4,15,0,30,50,888046992
Less Than Zero,2022,1,2800,0,143,53,79,3,0,0,8,50,200660871
Take My Breath,2021,8,2597,0,121,70,77,4,1,0,26,35,130655803
good 4 u,2021,5,15563,6,166,56,66,18,28,0,11,68,1887039593
"Here We Go????????? Again (feat. Tyler, the Cr",2022,1,1420,0,135,41,64,3,36,0,60,27,88103848
Best Friends,2022,1,1292,0,87,49,59,21,44,0,35,49,101114984
Kiss Me More (feat. SZA),2021,4,15867,0,111,77,66,3,30,0,13,74,1575467011
I Heard You're Married (feat. Lil Wayne),2022,1,1178,0,110,75,84,19,10,0,31,85,91656026
Need To Know,2021,6,6672,0,130,66,61,7,30,0,9,19,1042568408
MONTERO (Call Me By Your Name),2020,9,12329,0,179,61,51,15,30,0,38,76,1735441776
love nwantiti (ah ah ah),2019,7,5669,2,93,74,73,4,61,0,13,53,726837877
Dawn FM,2022,1,811,0,78,27,49,5,62,0,49,10,53933526
Surface Pressure,2021,11,1756,0,180,65,58,31,2,0,4,37,267758538
Starry Eyes,2022,1,1014,0,86,28,41,3,50,0,19,13,74601456
THATS WHAT I WANT,2021,9,7963,0,88,74,85,22,1,0,5,55,920797189
One Right Now (with The Weeknd),2021,11,4771,0,97,68,78,5,4,0,7,72,539595276
Beggin,2017,12,8559,0,134,71,80,5,13,0,36,59,1367810478
Mon Amour - Remix,2020,9,3221,2,116,75,76,10,12,0,10,36,578207856
Lo Siento BB:/ (with Bad Bunny & Julieta Venegas),2021,10,3423,26,170,64,70,8,9,0,9,14,775542072
MONEY,2021,9,2566,13,140,83,55,23,16,0,14,40,863625566
The Motto,2021,11,9151,6,118,75,76,4,3,0,9,46,656013912
Happier Than Ever,2021,7,8476,0,65,31,24,4,76,0,14,31,1056760045
Moth To A Flame (with The Weeknd),2021,10,7495,17,120,56,67,4,0,0,11,16,611994237
traitor,2021,5,5257,6,176,29,33,5,68,0,12,12,1230855859
Toxic,2021,9,1795,0,180,59,61,36,84,0,46,69,582981380
drivers license,2021,1,12685,3,144,59,43,7,76,0,10,21,1858144199
Malvad?????,2021,11,648,1,133,82,61,27,38,0,14,52,240684449
All Too Well (10 Minute Version) (Taylor's Version) (From The Vault),2021,11,4635,5,93,63,52,3,28,0,9,21,583687007
Don?????????t Break My,2022,1,1184,0,122,77,62,3,34,0,23,25,63803529
Oh My God,2021,11,4431,0,88,53,73,5,9,0,3,55,466214729
Entre Nosotros (Remix) [con Nicki Nicole],2022,1,759,3,170,70,44,4,40,0,37,61,236940480
A Tale By Quincy,2022,1,733,0,94,46,50,11,71,0,10,55,41924466
I AM WOMAN,2021,11,2795,0,170,65,47,16,12,0,13,46,225259194
Medallo,2021,10,2780,2,90,79,70,8,57,0,66,79,393230256
It'll Be Okay,2021,12,1950,0,78,40,29,3,62,0,9,7,287201015
Softcore,2018,3,3947,12,94,57,58,3,5,0,15,36,599770206
Super Gremlin,2021,10,2551,0,73,83,41,14,0,0,36,11,342779426
Volv??,2021,8,5375,10,176,73,86,18,42,0,7,79,673801126
Todo De Ti,2020,11,11975,8,128,81,63,4,40,1,10,57,1168642797
Love Nwantiti - Remix,2019,8,2696,0,120,58,60,6,44,9,5,44,540539717
Smokin Out The Window,2021,11,4963,0,82,63,62,4,6,0,35,85,383550148
Meet Me At Our Spot,2020,3,6734,0,95,77,47,3,2,0,9,40,530511203
Every Angel is Terrifying,2022,1,715,0,118,44,94,29,11,0,4,52,37307967
Tacones Rojos,2021,10,3047,9,123,75,86,3,8,0,14,93,510876816
Peaches (feat. Daniel Caesar & Giveon),2021,3,14140,0,90,63,68,18,38,0,42,49,1445941661
Dakiti,2020,10,11215,21,110,73,57,5,40,0,11,14,1763363713
"Tiago PZK: Bzrp Music Sessions, Vol. 48",2021,12,1678,12,96,66,82,32,47,0,10,76,374191487
L????????,2022,1,2035,0,88,56,55,11,35,0,23,58,108809090
Nost??????l,2021,9,2780,2,98,73,85,5,17,0,24,60,436695353
Better Days (NEIKED x Mae Muller x Polo G),2021,9,4091,0,110,72,68,4,0,0,14,67,421040617
Life Goes On,2020,7,2868,0,80,70,49,8,19,0,12,57,501541661
Sad Girlz Luv Money Remix (feat. Kali Uchis),2021,9,3643,0,110,86,53,6,43,0,11,31,354065229
Butter,2021,5,4779,6,110,79,36,11,0,0,6,70,1143647827
pushin P (feat. Young Thug),2022,1,3517,0,78,77,42,19,1,1,13,49,311395144
You Right,2021,6,5073,0,129,83,62,6,2,0,8,44,672656250
deja vu,2021,4,7545,4,181,44,60,9,61,0,42,22,1256880657
Dynamite,2020,8,8528,5,114,75,77,10,1,0,9,74,1692897992
TO THE MOON,2021,11,2979,0,144,74,65,35,5,1,11,39,245095641
Lost in the Fire,2019,1,7731,2,101,66,68,4,9,0,12,18,686734357
Salimo de Noche,2021,10,1057,0,84,67,63,5,29,0,12,78,261414174
Volando - Remix,2021,7,3272,19,154,66,69,7,21,0,11,63,610045621
Leave The Door Open,2021,3,14417,0,148,59,62,3,18,0,9,72,1115880852
Knife Talk (with 21 Savage ft. Project Pat),2021,9,5199,0,146,85,37,30,13,0,7,22,594482982
Don't Be Shy,2021,8,6026,0,120,77,79,6,20,0,26,51,566954746
Love Grows (Where My Rosemary Goes),1970,1,2877,0,110,53,69,3,7,0,17,75,BPM110KeyAModeMajorDanceability53Valence75Energy69Acousticness7Instrumentalness0Liveness17Speechiness3
LA FAMA (with The Weeknd),2021,11,4640,3,136,77,30,5,95,0,13,82,374706940
The Family Madrigal,2021,11,1150,0,141,59,63,36,12,0,6,56,184937148
Phantom Regret by Jim,2022,1,768,0,108,46,48,4,75,30,14,23,31959571
Dos Oruguitas,2021,11,925,0,94,42,36,5,76,0,9,47,167076418
Freaks,2015,5,3006,3,180,35,94,5,0,63,5,41,824420218
Acapulco,2021,9,3098,0,122,77,79,5,5,0,16,51,363467642
Daddy Issues,2015,10,9771,4,85,59,52,3,7,15,12,33,1127468248
thought i was playing,2022,1,807,0,148,68,73,7,0,0,7,29,60680939
ELEVEN,2021,12,521,1,120,83,73,11,6,0,5,59,247737946
Mood (feat. Iann Dior),2020,7,12854,0,91,70,72,4,22,0,27,76,1699402402
What Else Can I Do?,2021,11,802,0,120,72,71,4,26,0,10,54,154797871
DANCE CRIP,2021,11,731,0,106,86,79,9,11,0,8,86,198883004
Miserable Man,2022,1,788,0,110,63,35,3,93,0,29,31,124407432
happier,2021,5,3069,4,169,39,45,13,81,0,8,36,850608354
Praise God,2021,8,4651,0,118,80,55,17,1,0,26,21,376333030
Get Into It (Yuh),2021,6,4999,0,92,91,66,16,32,0,9,79,516784627
Before You Go,2019,11,8327,24,112,45,60,6,63,0,9,19,1608045237
Sky,2020,12,3297,3,140,79,91,21,26,0,13,56,506778838
Rolling in the Deep,2010,11,35684,6,105,73,76,3,13,0,5,52,1472799873
Sobrio,2021,7,3506,10,178,76,77,22,14,0,15,63,513643924
Peru,2021,12,2999,0,108,96,42,9,57,0,8,71,261286503
favorite crime,2021,5,3681,0,173,40,29,4,86,0,34,19,783706581
Thunder,2021,5,4846,10,101,67,90,6,3,0,34,40,422691058
The Business,2020,1,14311,0,120,80,62,23,41,2,11,24,1062345656
positions,2020,10,8207,0,144,73,80,12,44,0,9,66,1252563873
I WANNA BE YOUR SLAVE,2021,3,4873,0,133,75,61,4,0,0,18,96,851070493
Vai L?????? Em Casa ,2021,10,772,0,158,46,83,28,53,0,97,62,263894529
The Feels,2021,10,1150,0,120,81,90,7,9,0,8,92,345903614
HEARTBREAK ANNIVERSARY,2020,2,5398,4,129,61,46,5,56,0,13,59,951637566
No Lie,2016,11,7370,0,102,74,89,13,5,0,26,45,956865266
OUT OUT (feat. Charli XCX & Saweetie),2021,8,6890,0,124,79,84,5,2,0,5,79,427486004
Pope Is a Rockstar,2016,4,1966,0,90,73,45,3,85,24,11,31,156658366
2055,2021,4,2226,0,161,78,52,31,46,0,12,65,624515457
Bored,2017,3,4204,0,120,60,33,5,90,0,8,11,777765388
Happier Than Ever - Edit,2021,7,1959,0,81,45,57,3,7,0,23,12,412795151
Astronaut In The Ocean,2019,1,7191,0,150,78,70,9,18,0,15,47,1138474110
Ley Seca,2021,9,2012,0,105,76,84,10,10,0,13,58,355219175
Every Summertime,2021,8,1211,2,79,63,67,4,38,0,6,76,290228626
Talking To The Moon,2010,10,7109,2,146,52,61,3,51,0,11,7,1062956628
you broke me first,2020,4,6638,0,124,64,37,5,79,0,9,8,1180094974
The Nights,2014,1,17354,8,126,53,85,4,2,0,24,66,1456081449
Take My Breath,2021,8,6392,0,121,75,74,5,2,0,11,53,432702334
Way 2 Sexy (with Future & Young Thug),2021,9,5481,0,136,80,60,14,0,0,32,33,489945871
C??????,2021,6,2636,3,102,77,63,5,58,0,11,26,465959382
Enemy - from the series Arcane League of Legends,2021,10,824,0,77,73,74,23,23,0,41,54,1223481149
Dance Monkey,2019,5,24529,0,98,82,59,10,69,0,18,54,2864791672
Lucid Dreams,2017,6,14749,0,84,44,48,24,38,0,33,22,2288695111
Qu?????? M?????,2021,1,8087,0,102,89,82,11,3,0,17,77,720825549
All of Me,2013,8,27221,0,120,42,26,3,92,0,13,33,2086124197
Smells Like Teen Spirit - Remastered 2021,1991,9,49991,9,117,52,91,7,0,0,11,73,1690192927
Arcade,2019,3,6646,0,72,45,33,4,82,0,14,27,991336132
Fair Trade (with Travis Scott),2021,9,5403,6,168,67,47,26,5,0,22,29,593917618
Bar,2021,11,755,4,94,52,69,8,13,0,33,68,200972675
The Rumbling (TV Size),2022,1,254,0,145,41,88,5,0,0,26,65,71014967
family ties (with Kendrick Lamar),2021,8,6308,5,134,71,61,33,1,0,23,14,560222750
Mr. Brightside,2003,9,51979,15,148,35,93,8,0,0,10,24,1806617704
Blessed-Cursed,2022,1,246,0,127,60,89,6,9,0,60,40,77337771
AM Remix,2021,6,6556,0,172,74,66,16,11,0,8,79,528544703
Streets,2019,11,5728,0,90,75,46,8,21,4,34,19,865640097
Shallow,2018,9,16636,12,96,57,40,3,38,0,26,30,2159346687
Polaroid Love,2022,1,461,0,138,74,67,4,46,0,36,65,211372494
Leave Before You Love Me (with Jonas Brothers),2021,4,4893,4,120,72,72,4,0,0,13,67,651732901
Permission to Dance,2021,7,1801,2,125,70,74,4,1,0,34,65,608334048
Friday (feat. Mufasa & Hypeman) - Dopamine Re-Edit,2021,1,12043,0,123,82,86,13,1,0,30,80,863756573
RAPSTAR,2021,4,4731,0,81,79,54,24,41,0,13,44,797402345
'Till I Collapse,2002,5,22923,0,171,55,85,20,7,0,8,10,1695712020
Memories,2019,9,9974,2,91,77,32,5,84,0,8,60,1759567999
Se Le Ve,2021,8,1560,0,84,56,76,11,10,0,14,61,223319934
25k jacket (feat. Lil Baby),2022,1,620,0,115,90,54,28,16,0,13,74,54937991
When I?????????m Gone (with Katy ,2021,12,3270,0,125,69,89,3,4,0,49,70,226897599
Esque??????a-Me Se For C,2021,10,580,0,122,80,69,7,28,0,13,62,258316038
Mi??????n,2021,4,3406,16,92,85,54,7,16,0,29,92,596152090
S??????,2021,11,903,0,90,63,75,8,17,0,11,75,177129919
MAMIII,2022,2,6809,28,94,84,70,8,9,0,14,90,716591492
Still D.R.E.,1999,1,33966,0,93,81,78,24,18,0,6,53,1210599487
Stay Alive (Prod. SUGA of BTS),2022,2,590,5,130,51,76,7,30,0,10,50,246376690
Boyfriend,2022,2,3766,0,180,35,61,6,23,0,19,23,496311364
The Joker And The Queen (feat. Taylor Swift),2022,2,1430,0,134,53,31,3,92,0,28,31,146789379
The Next Episode,1999,1,31762,0,95,92,89,25,3,0,8,31,843309044
Light Switch,2022,1,4049,0,184,69,63,31,11,0,9,91,500340342
City of Gods,2022,2,2096,0,147,47,80,38,10,0,32,50,107255472
Brividi,2022,2,1175,0,123,52,60,3,40,0,26,44,135079152
Lost,2012,1,29499,11,123,91,61,22,3,0,17,49,822239726
In Da Club,2002,1,30427,7,90,90,71,37,26,0,7,79,1202722675
she's all i wanna be,2022,2,2711,0,160,61,64,4,1,0,12,65,343197054
Ginseng Strip 2002,2013,8,4310,0,115,60,71,4,8,0,48,37,240769997
All For Us - from the HBO Original Series Euphoria,2019,8,5342,0,141,37,67,9,2,0,34,17,426204830
Notion,2016,8,2393,0,160,31,88,8,7,0,8,30,421135627
Formula,2019,10,3444,7,145,57,66,4,4,6,15,23,554875730
Mount Everest,2019,6,5443,0,89,46,43,22,23,8,8,43,467727006
Excuses,2020,7,272,4,95,84,72,8,8,0,15,49,327498031
Cigarettes,2021,12,975,0,160,60,62,4,3,0,38,47,185408548
"Cay?????? La Noche (feat. Cruz Cafun??????, Abhir Hathi, Bejo, EL IMA)",2022,1,1034,1,174,67,75,30,44,0,7,74,245400167
California Love - Original Version (Explicit),1995,12,18773,0,92,77,84,4,3,0,38,76,579395142
Forgot About Dre,1999,1,19067,0,134,93,74,8,9,0,17,61,675039469
Down Under (feat. Colin Hay),2021,11,3541,2,172,31,86,17,1,0,28,4,252871192
Mujeriego,2021,12,1492,0,80,76,62,13,6,0,8,92,231996128
HUMBLE.,2017,3,33206,1,150,91,60,12,0,0,9,42,1929770265
Stan,1999,11,17115,0,80,78,74,21,4,0,45,53,918915401
Contection,2020,1,6955,0,166,81,75,34,14,0,29,83,1180896317
Swim,2017,10,2742,0,120,67,54,4,27,0,8,8,498960285
A Tu Merced,2020,2,4214,11,92,86,79,6,17,0,11,89,685071800
Numb Little Bug,2022,1,2026,0,85,74,52,9,30,0,26,61,258714692
212,2022,1,352,0,154,79,52,7,66,0,9,86,143139338
Problem???,2021,10,1517,0,92,73,74,6,28,0,14,37,209768491
Bussin,2022,2,847,0,140,89,70,5,6,0,13,75,64714573
Worst Day,2022,2,910,0,89,65,60,40,11,0,10,60,50746620
Malvada,2022,1,601,0,135,89,86,5,16,0,8,89,154119539
Hrs and Hrs,2021,11,1800,0,140,51,53,18,60,0,11,66,181328253
Alien Blues,2015,7,1930,0,82,47,76,3,8,91,9,44,370068639
Thinking Out Loud,2014,1,33032,0,79,78,45,3,47,0,18,58,2280566092
Still Don't Know My Name,2019,10,6332,0,88,31,63,12,47,27,21,31,563902868
Christmas Tree,2021,12,509,9,139,44,38,4,70,0,12,18,317622165
Mal Feito - Ao Vivo,2022,1,971,2,124,73,83,7,55,0,90,68,291709698
When I R.I.P.,2019,10,2578,0,80,39,55,21,73,0,9,45,203680270
Do We Have A Problem?,2022,2,1064,0,120,84,51,40,47,0,12,54,81350745
Forever,2019,10,3618,0,80,56,46,3,92,72,11,19,282883169
Gospel (with Eminem),2022,2,1040,0,117,92,86,24,11,0,24,62,64787943
Se??????o,2019,6,15010,2,117,76,52,3,4,0,8,77,2484812918
NEW MAGIC WAND,2019,5,4708,0,140,62,73,11,10,0,67,46,461437791
Adore You,2019,12,13454,1,99,68,77,5,2,0,10,57,1439191367
La Santa,2020,2,4890,20,93,74,87,5,3,0,8,59,759208783
Something In The Way - Remastered 2021,1991,9,9514,0,106,44,20,3,74,42,11,8,368646862
Sweetest Pie,2022,3,3501,0,124,81,63,22,17,0,10,68,299634472
Bam Bam (feat. Ed Sheeran),2022,3,6111,4,95,76,70,4,18,0,33,96,756907987
Una Noche en Medell???,2022,1,5415,32,96,87,53,8,10,0,5,82,682475162
Envolver,2021,11,4673,2,92,81,73,8,15,0,9,40,546191065
Starlight,2022,3,1856,3,124,95,37,28,35,0,10,36,229473310
Hati-Hati di Jalan,2022,3,200,2,72,64,44,4,70,9,12,76,202677468
I'm Tired - From "Euphoria" An Original HBO Series,2022,2,1888,0,71,28,20,3,19,0,30,26,121913181
DAN??????A,2022,2,911,2,135,78,57,8,4,0,10,55,208166039
Yo Voy (feat. Daddy Yankee),2004,5,2954,2,95,81,70,24,4,0,5,56,527033089
"Residente: Bzrp Music Sessions, Vol. 49",2022,3,461,0,71,59,74,40,56,0,11,70,94616487
Jordan,2021,4,2844,2,180,80,68,37,6,0,10,71,394030335
Nail Tech,2022,2,2939,0,150,65,58,9,0,0,12,11,193443895
Chale,2022,2,695,11,189,55,44,4,40,0,7,86,299648208
DARARI,2022,2,328,0,85,72,64,4,49,0,7,55,182978249
Ya No Somos Ni Seremos,2022,2,866,16,140,59,45,3,44,0,34,73,319757142
Thinking with My Dick,2013,7,1550,0,81,77,70,20,6,0,17,68,109091573
Freaky Deaky,2022,2,1729,0,104,80,65,4,2,0,9,24,153240879
this is what falling in love feels like,2021,9,2005,0,129,42,44,6,62,0,8,33,346127840
La Zona,2020,2,1188,0,94,76,80,4,20,0,25,81,312622938
Bohemian Rhapsody - Remastered 2011,1975,10,40112,3,71,41,40,5,27,0,30,23,2197010679
Hope,2018,3,3659,0,146,59,46,6,66,0,15,23,1200808494
Levitating,2020,3,9833,0,103,69,88,8,5,0,29,90,797196073
Wake Me Up - Radio Edit,2013,1,50887,34,124,53,78,5,0,0,16,66,1970673297
"jealousy, jealousy",2021,5,3257,0,164,70,58,13,24,0,7,71,665765558
Mon??????y so,2021,9,1473,0,138,69,57,9,12,0,10,35,263779030
Demasiadas Mujeres,2020,10,2226,0,126,67,46,39,13,0,10,37,339473453
Something Just Like This,2017,2,23375,21,103,61,65,4,3,0,17,47,2204080728
Closer,2016,5,28032,0,95,75,52,3,41,0,11,64,2591224264
O.O,2022,2,290,0,200,39,77,29,4,0,6,28,135444283
Somebody That I Used To Know,2011,1,42798,0,129,86,52,4,54,0,10,75,1457139296
Tom's Diner,2019,6,2605,0,98,68,43,14,38,0,36,33,236872197
First Class,2022,4,8737,0,107,91,56,10,3,0,11,32,694525298
Plan A,2022,3,1105,0,174,58,83,4,5,0,7,56,240661097
Fuera del mercado,2022,2,2499,21,92,45,67,14,32,0,13,27,421365166
X ??????LTIMA,2022,3,2697,1,90,81,83,5,9,0,11,59,349746291
When You're Gone,2022,3,2092,0,147,60,69,4,2,0,58,58,255120451
In My Head,2022,4,1185,0,143,68,55,12,16,0,10,41,190981339
Wait a Minute!,2015,1,11985,0,101,76,71,3,3,0,10,63,924193303
LOVE DIVE,2022,4,753,8,118,70,71,4,0,0,33,54,305771063
Pantysito,2022,3,2995,0,98,83,74,6,14,0,16,63,273005485
Chance,2022,4,225,0,138,72,46,6,24,0,9,22,89566512
Cool for the Summer,2015,1,9243,0,114,59,62,4,1,0,8,30,677389855
psychofreak (feat. WILLOW),2022,4,918,0,180,63,64,8,34,0,9,45,75476209
Angel Baby,2021,9,1959,9,145,56,57,3,1,0,13,41,408843328
Vampiro,2022,1,540,4,115,78,64,4,1,0,7,63,187772591
Si Quieren Frontear,2022,3,859,0,82,79,84,23,13,0,21,48,178512385
Right On,2022,4,1116,0,166,70,61,34,2,0,10,22,101780047
Me Arrepent??,2022,3,273,2,92,86,79,16,29,0,60,91,118381354
That's Hilarious,2022,4,686,2,108,71,44,6,74,0,11,55,146363130
Soy El Unico,2022,3,226,0,84,71,45,3,45,0,11,63,126443991
RUMBAT???,2022,3,1264,0,95,69,91,4,6,0,35,90,157990698
sentaDONA (Remix) s2,2022,3,870,0,135,93,45,27,25,0,13,77,176290831
Falling,2019,12,7556,0,110,57,27,3,84,0,9,6,1023187129
Sigue,1996,11,1370,0,88,89,64,7,5,0,19,59,106933107
Fim de Semana no Rio,2022,3,315,2,119,87,50,10,12,0,10,28,139193812
MANIAC,2022,3,651,0,120,58,80,41,15,0,7,71,212234990
There's Nothing Holdin' Me Back,2016,9,12382,0,122,86,80,6,36,0,9,97,1714490998
IDGAF (with blackbear),2022,3,625,0,98,78,75,8,41,0,27,83,197643795
Golden,2019,12,8429,1,140,45,84,6,21,0,13,25,807015863
Get Lucky - Radio Edit,2013,1,52898,0,116,79,81,4,4,0,10,87,933815613
Ain't Shit,2021,6,3436,0,124,86,49,21,51,0,35,62,499710590
Nobody Like U - From "Turning Red",2022,2,918,0,105,91,72,15,13,0,9,73,120847157
Still Life,2022,4,181,0,118,68,58,3,44,0,6,24,53909146
Photograph,2014,6,18778,3,108,61,38,5,61,0,10,20,2236667932
Love Yourself,2015,11,22730,5,100,61,38,44,84,0,28,53,2123309722
N95,2022,5,5542,0,140,81,66,14,38,0,12,39,301242089
About Damn Time,2022,4,9021,0,109,84,74,7,10,0,34,72,723894473
Die Hard,2022,5,4627,0,101,78,74,27,36,0,17,40,237351106
Despu??????s de la P,2022,5,2229,0,78,56,90,31,36,0,18,61,461558540
Un Ratito,2022,5,1112,6,93,79,55,5,31,0,12,22,417230415
United In Grief,2022,5,2575,0,87,52,83,43,24,0,17,32,156898322
Father Time (feat. Sampha),2022,5,3107,0,153,55,78,35,19,0,11,50,127309180
Yo No Soy Celoso,2022,5,1179,0,142,87,59,5,28,0,17,93,313113297
Rich Spirit,2022,5,3486,0,96,85,43,21,39,0,12,41,173702135
Cooped Up (with Roddy Ricch),2022,5,2942,0,125,50,78,33,4,0,11,39,271666301
Me Fui de Vacaciones,2022,5,1443,0,85,71,65,5,23,0,9,43,305650299
Silent Hill,2022,5,3028,0,140,92,57,9,46,0,14,78,123216717
La Corriente,2022,5,1796,8,196,66,79,20,23,0,22,58,479655659
Count Me Out,2022,5,2729,0,134,78,43,9,69,0,14,51,126191104
Andrea,2022,5,1195,0,103,80,62,38,76,0,10,45,344055883
Dos Mil 16,2022,5,892,3,130,82,67,5,12,0,13,50,338422004
We Cry Together,2022,5,1635,0,108,65,69,36,31,0,8,52,68895644
Savior,2022,5,2291,0,123,61,71,46,53,0,32,66,86176890
Un Coco,2022,5,1029,28,152,84,69,6,21,0,18,74,403231558
Otro Atardecer,2022,5,1681,7,108,78,60,4,59,0,7,55,319546754
Worldwide Steppers,2022,5,1480,0,72,56,47,36,76,0,8,56,61739839
Aguacero,2022,5,829,0,121,86,65,7,42,0,35,67,283359161
Purple Hearts,2022,5,2308,0,138,57,82,29,19,0,15,71,76831876
Un Verano Sin Ti,2022,5,1004,1,188,50,50,6,69,0,12,41,283332261
ULTRA SOLO,2022,2,1367,0,110,80,85,21,23,0,11,26,307752576
Ens????????????ame ,2022,5,1112,3,105,81,79,8,19,0,47,77,279737940
El Apag???,2022,5,1209,0,118,63,70,31,5,0,9,60,212351890
Callaita,2019,5,9539,15,176,61,62,31,60,0,24,24,1304313953
Dua Lipa,2022,5,1992,0,158,83,65,8,0,10,11,41,150500965
Agosto,2022,5,897,0,115,85,58,12,9,0,49,72,246127838
House Of Memories,2016,1,2948,0,110,51,82,3,0,0,5,48,582863434
Mr. Morale,2022,5,1860,0,174,73,54,32,30,0,34,26,58687425
That That (prod. & feat. SUGA of BTS),2022,4,802,0,130,91,96,9,3,0,3,91,212109195
In The Stars,2022,4,2224,8,78,36,54,5,34,0,14,30,382199619
Rich - Interlude,2022,5,1103,0,104,44,42,9,88,0,9,74,41210087
SUPERMODEL,2022,5,2265,0,121,64,88,6,0,0,12,80,231657891
Stefania (Kalush Orchestra),2022,3,555,0,105,83,82,4,14,0,12,32,53729194
Thousand Miles,2022,4,2050,0,81,38,66,8,9,0,9,20,244741137
Crown,2022,5,1493,0,170,37,24,4,80,0,11,14,42485571
Auntie Diaries,2022,5,1545,0,78,43,38,38,76,1,48,60,37778188
PUFFIN ON ZOOTIEZ,2022,4,2350,0,125,88,66,31,6,0,13,28,254218729
Mirror,2022,5,1929,0,92,66,65,7,23,0,8,29,53603447
Beautiful Girl,2022,4,710,4,140,84,42,9,31,0,9,61,160035717
"Paulo Londra: Bzrp Music Sessions, Vol. 23",2022,4,928,0,96,61,90,9,25,0,10,32,164163229
Savior - Interlude,2022,5,1194,0,118,66,43,19,84,0,19,83,37091576
Pasoori,2022,2,349,6,92,71,60,4,7,0,6,67,284249832
Mother I Sober (feat. Beth Gibbons of Portishead),2022,5,1890,0,140,49,37,35,87,0,11,50,33381454
TUS L??????GR,2022,4,1308,2,174,68,71,25,18,0,11,45,184622518
Where Did You Go?,2022,1,4531,0,127,77,78,4,19,0,29,53,300983101
I Tried to Tell Y'all,2022,5,1657,0,96,71,52,36,62,0,11,37,121077868
Honest (feat. Don Toliver),2022,4,1351,0,150,82,66,6,13,0,11,82,106919680
ZOOM,2022,4,608,0,100,87,60,16,1,0,13,46,136996305
SloMo,2021,12,1211,0,105,73,81,6,13,0,9,59,65719930
FEARLESS,2022,5,629,0,104,86,62,14,5,0,13,43,229497852
10 Things I Hate About You,2022,3,1301,0,154,54,79,5,1,0,17,45,185550869
SPACE MAN,2022,2,1329,0,80,47,83,5,18,0,10,33,54682594
With you,2022,4,343,2,150,53,43,3,64,0,13,14,240580042
Iris,1998,3,13101,9,156,32,72,4,0,0,9,49,1284942608
The Heart Part 5,2022,5,2939,0,98,76,81,34,18,0,6,79,71423324
San Lucas,2019,11,407,1,92,58,36,3,86,0,9,27,244891912
This Love (Taylor?????????s Ve,2022,5,1492,0,144,47,50,4,32,0,7,7,132171975
Good Looking,2017,10,2264,0,150,37,56,3,8,0,13,27,184706613
Flowers,2021,8,801,0,138,70,44,39,84,0,9,31,184826429
Yet To Come,2022,6,829,0,172,56,89,19,4,0,33,68,302006641
Run BTS,2022,6,736,0,77,72,82,17,2,0,4,70,330881149
Music For a Sushi Restaurant,2022,5,4449,1,107,72,72,4,26,6,11,36,334733572
Matilda,2022,5,3218,3,114,51,29,4,90,0,10,39,366214458
For Youth,2022,6,327,0,117,63,51,4,43,0,25,29,114546317
Daylight,2022,5,2775,0,146,69,45,4,48,0,18,63,290833204
Vegas (From the Original Motion Picture Soundtrack ELVIS),2022,5,4576,0,160,80,60,26,8,0,14,74,448500832
Cash In Cash Out,2022,6,2313,0,120,88,56,6,1,0,8,15,136676504
Potion (with Dua Lipa & Young Thug),2022,5,3983,0,100,82,70,5,16,0,8,76,190625045
Born Singer,2022,6,279,0,158,60,84,11,4,0,24,68,79095270
Little Freak,2022,5,2302,0,142,56,54,4,72,0,10,40,273194684
La Llevo Al Cielo (Ft. ??????engo F,2022,5,3559,3,170,80,85,14,11,0,17,77,333146475
True Love,2022,5,2129,0,84,71,86,25,2,0,51,39,194902696
Satellite,2022,5,3291,5,139,58,46,3,14,0,9,30,311482393
Pass The Dutchie,1982,1,5328,0,151,73,67,5,20,0,32,88,195918494
"Villano Antillano: Bzrp Music Sessions, Vol. 51",2022,6,1401,0,128,82,75,6,6,0,63,42,248511839
Love Of My Life,2022,5,1933,0,118,56,54,5,67,0,6,20,233671263
Grapejuice,2022,5,1986,0,183,65,72,3,36,14,20,88,199587884
So Good,2022,6,1057,0,83,63,62,4,4,0,18,29,91781263
Belly Dancer,2022,2,5115,13,122,85,80,14,6,0,17,42,383835984
Keep Driving,2022,5,2094,1,165,72,48,23,32,0,18,90,236060709
Cinema,2022,5,2171,0,106,83,64,4,35,5,9,90,189236868
Die Young (feat. 347aidan),2022,5,896,0,77,81,58,34,83,0,11,68,160845341
Only Love Can Hurt Like This,2014,1,5148,0,91,57,89,8,10,0,33,30,588955257
Hold My Hand,2022,5,2528,0,148,51,63,3,5,0,41,21,238350348
Daydreaming,2022,5,1900,1,114,71,81,3,31,2,13,90,187703102
Numb,2022,6,3879,2,120,91,77,5,12,1,10,63,295307001
Nos Comemos (feat. Ozuna),2022,6,896,0,92,83,82,5,10,0,9,56,138334433
Me and Your Mama,2016,11,8775,0,118,56,45,3,1,3,7,25,445590495
Crazy What Love Can Do,2022,3,5290,0,123,60,71,4,3,0,16,46,286739476
SLOW DANCING IN THE DARK,2018,9,10211,0,89,52,48,3,54,1,19,28,1122364376
Antes de Perderte,2022,6,584,8,110,81,93,11,49,0,12,61,157136970
Boyfriends,2022,5,1517,0,118,42,20,4,94,0,11,32,137070925
295,2021,5,246,4,90,68,76,20,21,0,11,54,183273246
Tak Ingin Usai,2022,5,220,4,130,49,40,3,82,0,11,14,184807630
En El Radio Un Cochinero,2022,5,514,0,154,70,62,4,47,0,10,97,164856284
Master of Puppets (Remastered),1986,3,6080,0,105,54,83,4,0,44,20,59,704171068
BREAK MY SOUL,2022,6,9724,0,115,70,88,8,4,0,26,87,354614964
ULTRA SOLO REMIX,2022,6,2341,0,110,91,82,8,8,0,6,59,279717388
Massive,2022,6,5263,0,125,51,68,6,12,2,15,5,195628667
Betty (Get Money),2022,6,2402,0,102,73,75,8,0,0,34,62,221752937
Ojos Marrones,2022,2,795,11,120,81,65,4,4,0,14,72,263280370
POP!,2022,6,571,0,97,80,86,5,4,0,3,36,213505179
Layla,2022,3,832,3,140,44,92,7,0,0,44,41,130419412
MORE,2022,7,565,0,97,78,72,4,1,0,11,31,155795783
Sweet Child O' Mine,1987,1,41231,1,125,45,90,5,9,11,10,67,1553497987
Last Last,2022,5,4526,12,88,80,56,9,13,0,8,55,293466523
SNAP,2022,3,1818,0,170,56,64,7,11,0,45,52,711366595
Sticky,2022,6,2814,0,137,88,49,14,9,0,9,8,191448892
Hot Shit (feat. Ye & Lil Durk),2022,7,1601,0,157,88,69,23,0,0,8,52,85924992
Ai Preto,2022,6,894,4,130,95,57,25,54,0,10,83,176103902
La Loto,2022,7,945,0,90,85,83,11,10,0,8,80,121189256
die first,2022,6,767,0,183,44,67,13,7,0,12,44,131746175
Afraid To Feel,2022,5,5898,5,128,58,91,11,2,0,27,68,244790012
Baile no Morro,2022,6,685,2,130,71,40,45,46,0,7,78,129314708
c??????mo dormi,2022,8,1452,35,126,63,43,23,24,0,12,56,331511413
Bad Decisions (with BTS & Snoop Dogg),2022,8,1456,0,120,77,87,12,2,0,23,94,219196651
STAYING ALIVE (feat. Drake & Lil Baby),2022,8,2107,0,130,72,46,8,7,0,28,18,170732845
Caile,2020,12,1494,2,122,70,76,45,30,0,9,46,273914335
Si Te La Encuentras Por Ah??,2022,8,1379,4,172,74,58,8,15,0,13,46,179061440
GIVENCHY,2022,7,625,4,103,61,62,40,14,0,23,38,185236961
ALIEN SUPERSTAR,2022,7,2688,0,122,55,64,10,0,0,17,46,171788484
Mary On A Cross,2019,9,2668,2,130,47,90,4,0,0,10,56,387080183
Attention,2022,8,799,12,105,81,65,4,24,0,8,70,264717480
THE SHADE,2022,3,1189,6,120,90,51,6,39,0,9,73,244928911
Come Back Home - From "Purple Hearts",2022,7,367,0,145,56,53,4,24,0,12,43,97610446
El Rescate,2022,7,527,4,99,79,59,14,28,0,11,64,287278853
Heartless,2008,1,17504,34,88,79,65,14,5,0,25,66,887906111
"Stay With Me (with Justin Timberlake, Halsey, & Pharrell)",2022,7,3113,0,126,81,73,4,28,0,29,90,123473120
Siempre Pendientes,2022,8,685,5,136,77,75,4,33,1,13,71,295152154
JGL,2022,2,782,9,113,70,59,12,55,0,27,97,323455692
Don't You Worry,2022,6,2442,0,132,82,88,3,20,0,21,49,240918092
Pipoco,2022,5,1112,4,135,77,74,8,47,0,34,74,191873381
Hold Me Closer,2017,11,4967,0,126,67,77,11,11,0,19,49,284216603
Forget Me,2022,9,2520,4,102,67,74,4,30,0,36,72,239411309
After LIKE,2022,8,767,12,125,68,92,12,10,0,9,80,265548837
Bound 2,2013,1,19806,7,149,37,66,5,14,0,9,28,703301727
B.O.T.A. (Baddest Of Them All) - Edit,2022,6,5153,6,137,74,89,5,24,61,15,71,244585109
Talk that Talk,2022,8,615,0,120,77,91,12,14,0,33,78,189476119
BILLIE EILISH.,2022,1,2537,0,100,90,50,26,11,0,9,75,277132266
Ferxxo 100,2022,6,1647,30,164,70,57,7,25,0,15,58,278920007
KU LO SA - A COLORS SHOW,2022,6,2019,8,93,65,66,7,31,0,22,79,222410722
Prohibidox,2022,9,1473,12,180,65,80,25,5,0,6,52,185392587
Static,2022,7,1613,0,79,34,31,7,43,63,10,22,202452860
The Scientist,2002,8,30992,6,146,56,44,2,73,0,11,21,1608164312
Sparks,2000,7,10826,4,103,37,27,3,75,5,10,17,624101957
Talk,2022,9,920,0,140,70,76,23,8,0,54,26,148461629
XQ Te Pones As??,2022,9,308,0,92,81,70,7,13,0,15,48,47093942
Selfish,2016,6,2468,0,102,64,60,4,11,0,19,4,380319238
Sin Se????,2022,7,1097,2,118,82,85,4,33,1,11,75,209106362
Lady Mi Amor,2022,9,330,0,93,78,62,6,6,0,15,75,53987404
Poland,2022,6,1584,0,150,70,56,5,14,83,11,26,115331792
THE LONELIEST,2022,10,1585,5,130,52,60,3,0,0,8,24,225093344
Bye Bye,2022,10,766,0,83,65,53,4,6,0,51,24,84697729
BABY OTAKU,2022,8,836,0,102,84,75,8,5,0,6,43,159240673
Nxde,2022,10,430,6,136,73,91,18,4,0,48,65,170709584
Miss You,1982,5,2020,0,145,66,58,5,17,0,19,24,154356956
we fell in love in october,2018,11,6858,0,130,57,37,3,11,18,16,24,723043854
2 Be Loved (Am I Ready),2022,7,3682,6,156,72,77,11,9,0,8,92,247689123
Celestial,2022,9,1639,0,123,57,85,4,5,0,16,50,176474912
Typa Girl,2022,9,452,10,132,92,62,10,7,0,63,53,235549288
I Really Want to Stay at Your House,2020,12,668,1,125,49,74,4,0,0,9,13,140430339
California Breeze,2022,10,991,0,162,74,67,46,0,0,11,22,85559365
Bamba (feat. Aitch & BIA),2022,9,869,7,138,80,81,36,14,0,13,82,146223492
Casei Com a Putaria,2022,7,648,4,161,59,60,44,12,0,5,62,187701588
Major Distribution,2022,11,1545,0,131,91,55,32,1,0,7,23,154863153
Pussy & Millions (feat. Travis Scott),2022,11,1930,0,122,75,63,12,6,0,35,45,191333656
Vigilante Shit,2022,10,1948,0,80,80,28,39,17,0,12,16,253650850
Question...?,2022,10,1608,0,109,75,50,17,20,0,30,11,223064273
On BS,2022,11,1338,0,158,84,36,59,2,0,39,33,170413877
Mastermind,2022,10,1936,0,126,66,35,14,55,0,9,12,218320587
Circo Loco,2022,11,1794,0,104,73,61,7,1,0,32,25,141720999
Labyrinth,2022,10,1597,0,110,48,31,4,80,22,12,15,187339835
Spin Bout U,2022,11,1652,2,130,77,70,5,1,0,16,20,198365537
Sweet Nothing,2022,10,1747,0,177,34,16,5,97,0,12,39,186104310
"Would've, Could've, Should've",2022,10,1715,0,158,48,84,12,43,0,15,55,177503916
Con La Brisa,2022,11,486,0,114,62,44,3,51,33,14,25,71095708
Privileged Rappers,2022,11,1007,0,144,93,61,20,0,0,12,62,112436403
The Astronaut,2022,10,481,9,125,54,76,3,0,0,14,22,203436468
BackOutsideBoyz,2022,11,1045,0,142,85,43,32,4,0,39,40,93367537
Broke Boys,2022,11,1060,0,120,64,53,27,1,0,25,11,106249219
The Great War,2022,10,1274,0,96,57,74,4,22,0,8,55,181382590
My Mind & Me,2022,11,953,0,144,60,39,3,57,0,8,24,91473363
Bigger Than The Whole Sky,2022,10,1180,0,166,42,24,6,83,1,12,7,121871870
A Veces (feat. Feid),2022,11,573,0,92,80,67,6,4,0,8,81,73513683
En La De Ella,2022,10,1320,0,97,82,77,5,8,0,12,67,133895612
Alone,2022,11,782,2,90,61,67,5,15,0,11,32,96007391
